driver_name,total_races,avg_grid,avg_finish,best_finish,total_points,avg_points_per_race,podiums,wins,podium_rate,win_rate,dnf_rate,consistency,career_years
Lewis Hamilton,356,4.3,5.02,1,4820.5,13.54,202,105,56.74,29.49,12.36,19.92,18
Nick Heidfeld,184,11.34,10.72,2,259.0,1.41,13,0,7.07,0.0,64.13,18.65,12
Nico Rosberg,206,6.9,8.25,1,1594.5,7.74,57,23,27.67,11.17,29.61,12.12,11
Fernando Alonso,404,8.58,8.49,1,2329.0,5.76,106,32,26.24,7.92,35.4,11.77,24
Heikki Kovalainen,112,13.74,13.29,1,105.0,0.94,4,1,3.57,0.89,65.18,7.53,7
Kazuki Nakajima,36,13.81,13.08,6,9.0,0.25,0,0,0.0,0.0,58.33,45.86,3
Sébastien Bourdais,27,14.81,14.15,7,6.0,0.22,0,0,0.0,0.0,59.26,49.48,2
Kimi Räikkönen,352,7.53,8.49,1,1873.0,5.32,103,21,29.26,5.97,37.22,11.78,21
Robert Kubica,99,9.6,10.65,1,274.0,2.77,12,1,12.12,1.01,43.43,9.39,16
Timo Glock,95,17.0,15.23,2,51.0,0.54,3,0,3.16,0.0,74.74,13.13,9
Takuma Sato,91,14.55,13.46,3,44.0,0.48,1,0,1.1,0.0,85.71,22.29,7
Nelson Piquet Jr.,28,13.68,13.39,2,19.0,0.68,1,0,3.57,0.0,60.71,14.93,2
Felipe Massa,271,8.38,9.0,1,1167.0,4.31,41,11,15.13,4.06,38.38,11.12,16
David Coulthard,247,7.68,9.49,1,535.0,2.17,62,13,25.1,5.26,51.42,10.54,15
Jarno Trulli,256,10.4,12.36,1,246.5,0.96,11,1,4.3,0.39,68.75,8.09,15
Adrian Sutil,128,14.8,14.52,4,124.0,0.97,0,0,0.0,0.0,71.88,27.54,8
Mark Webber,217,8.26,9.79,1,1047.5,4.83,42,9,19.35,4.15,44.24,10.22,12
Jenson Button,309,10.01,9.7,1,1235.0,4.0,50,15,16.18,4.85,47.9,10.31,18
Anthony Davidson,24,17.17,16.17,11,0.0,0.0,0,0,0.0,0.0,95.83,68.04,7
Sebastian Vettel,300,6.27,7.09,1,3098.0,10.33,122,53,40.67,17.67,24.67,14.1,16
Giancarlo Fisichella,231,11.33,10.99,1,275.0,1.19,19,3,8.23,1.3,64.07,9.1,14
Rubens Barrichello,326,8.88,10.33,1,658.0,2.02,68,11,20.86,3.37,55.52,9.68,19
Ralf Schumacher,180,7.83,9.87,1,329.0,1.83,27,6,15.0,3.33,51.67,10.14,11
Vitantonio Liuzzi,81,16.56,15.91,6,26.0,0.32,0,0,0.0,0.0,79.01,37.7,7
Alexander Wurz,69,12.16,11.42,3,45.0,0.65,3,0,4.35,0.0,68.12,26.27,11
Scott Speed,28,16.71,15.07,9,0.0,0.0,0,0,0.0,0.0,96.43,59.72,2
Christijan Albers,46,18.28,15.67,5,4.0,0.09,0,0,0.0,0.0,100.0,31.9,3
Sakon Yamamoto,21,21.71,18.52,12,0.0,0.0,0,0,0.0,0.0,100.0,64.78,5
Michael Schumacher,308,4.87,6.88,1,1566.0,5.08,155,91,50.32,29.55,28.9,14.54,22
Juan Pablo Montoya,95,5.37,8.53,1,307.0,3.23,30,7,31.58,7.37,44.21,11.73,6
Christian Klien,51,13.16,13.67,5,14.0,0.27,0,0,0.0,0.0,80.39,36.59,7
Tiago Monteiro,37,17.68,14.43,3,7.0,0.19,1,0,2.7,0.0,97.3,20.79,2
Jacques Villeneuve,165,9.14,10.25,1,235.0,1.42,23,11,13.94,6.67,66.67,9.75,11
Franck Montagny,7,20.29,18.71,16,0.0,0.0,0,0,0.0,0.0,100.0,85.5,1
Pedro de la Rosa,107,16.13,15.35,2,35.0,0.33,1,0,0.93,0.0,85.98,13.03,14
Robert Doornbos,11,17.36,14.82,12,0.0,0.0,0,0,0.0,0.0,100.0,80.98,2
Narain Karthikeyan,48,19.56,18.46,4,5.0,0.1,0,0,0.0,0.0,100.0,21.67,8
Patrick Friesacher,11,17.82,16.0,6,3.0,0.27,0,0,0.0,0.0,100.0,37.5,1
Ricardo Zonta,38,14.39,13.39,6,3.0,0.08,0,0,0.0,0.0,84.21,44.79,7
Antônio Pizzonia,20,12.95,12.9,7,8.0,0.4,0,0,0.0,0.0,85.0,54.26,3
Cristiano da Matta,28,11.43,12.11,6,13.0,0.46,0,0,0.0,0.0,92.86,49.56,2
Olivier Panis,158,12.18,11.91,1,76.0,0.48,5,1,3.16,0.63,82.91,8.4,11
Giorgio Pantano,14,16.79,16.14,13,0.0,0.0,0,0,0.0,0.0,100.0,80.53,1
Gianmaria Bruni,18,18.33,16.67,14,0.0,0.0,0,0,0.0,0.0,100.0,84.0,1
Zsolt Baumgartner,20,18.75,15.3,8,1.0,0.05,0,0,0.0,0.0,100.0,52.29,2
Marc Gené,36,19.47,13.56,5,5.0,0.14,0,0,0.0,0.0,86.11,36.89,6
Heinz-Harald Frentzen,159,8.79,11.08,1,174.0,1.09,18,3,11.32,1.89,72.33,9.02,10
Jos Verstappen,107,16.33,14.24,3,17.0,0.16,2,0,1.87,0.0,93.46,21.06,10
Justin Wilson,16,17.19,14.56,8,1.0,0.06,0,0,0.0,0.0,100.0,54.94,1
Ralph Firman,14,17.0,14.21,8,1.0,0.07,0,0,0.0,0.0,100.0,56.28,1
Nicolas Kiesa,5,19.4,12.8,11,0.0,0.0,0,0,0.0,0.0,100.0,85.94,1
Luciano Burti,15,17.2,13.53,8,0.0,0.0,0,0,0.0,0.0,100.0,59.11,2
Jean Alesi,202,9.03,11.25,1,241.0,1.19,32,1,15.84,0.5,69.8,8.89,13
Eddie Irvine,147,9.31,11.01,1,191.0,1.3,26,4,17.69,2.72,65.31,9.09,10
Mika Häkkinen,165,7.07,9.88,1,420.0,2.55,51,20,30.91,12.12,55.76,10.12,11
Tarso Marques,26,19.46,16.08,9,0.0,0.0,0,0,0.0,0.0,100.0,55.98,6
Enrique Bernoldi,29,17.59,15.79,8,0.0,0.0,0,0,0.0,0.0,100.0,50.66,2
Gastón Mazzacane,21,21.24,14.19,8,0.0,0.0,0,0,0.0,0.0,95.24,56.38,2
Alex Yoong,16,19.94,15.88,7,0.0,0.0,0,0,0.0,0.0,100.0,44.09,2
Mika Salo,111,14.61,12.09,2,33.0,0.3,2,0,1.8,0.0,90.09,16.54,9
Pedro Diniz,99,17.04,14.57,5,10.0,0.1,0,0,0.0,0.0,91.92,34.33,6
Johnny Herbert,165,12.87,12.9,1,98.0,0.59,7,3,4.24,1.82,82.42,7.75,12
Allan McNish,17,15.94,15.53,7,0.0,0.0,0,0,0.0,0.0,94.12,45.08,1
Sébastien Buemi,55,14.53,14.33,7,29.0,0.53,0,0,0.0,0.0,67.27,48.86,3
Toranosuke Takagi,32,18.75,15.31,7,0.0,0.0,0,0,0.0,0.0,96.88,45.71,2
Luca Badoer,58,19.57,15.22,7,0.0,0.0,0,0,0.0,0.0,98.28,45.98,17
Alessandro Zanardi,44,15.64,16.16,6,1.0,0.02,0,0,0.0,0.0,90.91,37.13,9
Damon Hill,122,5.79,9.92,1,360.0,2.95,42,22,34.43,18.03,53.28,10.08,8
Ricardo Rosset,30,18.47,15.27,8,0.0,0.0,0,0,0.0,0.0,100.0,52.4,3
Esteban Tuero,16,20.19,15.44,8,0.0,0.0,0,0,0.0,0.0,100.0,51.82,1
Shinji Nakano,33,18.12,13.64,6,2.0,0.06,0,0,0.0,0.0,84.85,44.0,2
Jan Magnussen,25,16.48,15.4,6,1.0,0.04,0,0,0.0,0.0,96.0,38.96,4
Gerhard Berger,210,6.37,10.91,1,385.0,1.83,48,10,22.86,4.76,61.43,9.16,14
Nicola Larini,75,12.13,21.04,2,7.0,0.09,1,0,1.33,0.0,97.33,9.51,11
Ukyo Katayama,97,16.9,16.31,5,5.0,0.05,0,0,0.0,0.0,98.97,30.66,6
Gianni Morbidelli,70,15.21,15.53,3,8.5,0.12,1,0,1.43,0.0,94.29,19.32,8
Pedro Lamy,32,18.81,13.47,6,1.0,0.03,0,0,0.0,0.0,96.88,44.55,4
Martin Brundle,165,13.15,12.55,2,98.0,0.59,9,0,5.45,0.0,87.88,15.93,13
Andrea Montermini,28,21.04,19.25,8,0.0,0.0,0,0,0.0,0.0,100.0,41.56,3
Giovanni Lavaggi,10,17.5,17.5,10,0.0,0.0,0,0,0.0,0.0,100.0,57.14,2
Mark Blundell,63,12.71,13.59,3,32.0,0.51,3,0,4.76,0.0,88.89,22.08,5
Aguri Suzuki,88,12.4,20.66,3,8.0,0.09,1,0,1.14,0.0,97.73,14.52,8
Taki Inoue,18,20.39,17.72,8,0.0,0.0,0,0,0.0,0.0,100.0,45.14,2
Roberto Moreno,74,10.27,22.04,2,15.0,0.2,1,0,1.35,0.0,97.3,9.07,14
Karl Wendlinger,42,14.1,15.1,4,14.0,0.33,0,0,0.0,0.0,97.62,26.5,5
Bertrand Gachot,84,10.68,22.79,5,5.0,0.06,0,0,0.0,0.0,97.62,21.94,7
Domenico Schiattarella,7,23.29,18.86,9,0.0,0.0,0,0,0.0,0.0,100.0,47.73,2
Pierluigi Martini,123,15.83,15.6,4,18.0,0.15,0,0,0.0,0.0,99.19,25.64,12
Nigel Mansell,192,6.28,11.24,1,482.0,2.51,59,31,30.73,16.15,64.06,8.89,16
Jean-Christophe Boullion,11,15.55,12.73,5,3.0,0.27,0,0,0.0,0.0,100.0,39.29,1
Massimiliano Papis,7,17.71,17.29,7,0.0,0.0,0,0,0.0,0.0,100.0,40.5,1
Gabriele Tarquini,78,10.13,23.86,6,1.0,0.01,0,0,0.0,0.0,100.0,25.15,9
Érik Comas,63,16.95,14.76,5,7.0,0.11,0,0,0.0,0.0,96.83,33.87,4
David Brabham,30,19.13,19.4,10,0.0,0.0,0,0,0.0,0.0,100.0,51.55,5
Ayrton Senna,162,3.13,8.26,1,614.0,3.79,80,41,49.38,25.31,47.53,12.11,11
Éric Bernard,47,17.0,15.45,3,10.0,0.21,1,0,2.13,0.0,93.62,19.42,6
Christian Fittipaldi,43,17.05,13.05,4,12.0,0.28,0,0,0.0,0.0,97.67,30.66,3
Michele Alboreto,215,12.03,14.42,1,186.5,0.87,23,5,10.7,2.33,84.65,6.94,14
Olivier Beretta,10,22.2,16.7,7,0.0,0.0,0,0,0.0,0.0,100.0,41.92,1
Paul Belmondo,27,6.81,24.33,9,0.0,0.0,0,0,0.0,0.0,100.0,36.99,3
Jyrki Järvilehto,70,14.13,15.73,3,10.0,0.14,1,0,1.43,0.0,97.14,19.07,6
Andrea de Cesaris,214,14.0,15.98,2,59.0,0.28,5,0,2.34,0.0,95.79,12.51,15
Jean-Marc Gounon,9,23.89,15.33,9,0.0,0.0,0,0,0.0,0.0,100.0,58.7,2
Philippe Alliot,115,17.16,16.55,5,7.0,0.06,0,0,0.0,0.0,100.0,30.22,11
Yannick Dalmas,50,10.46,23.52,5,0.0,0.0,0,0,0.0,0.0,100.0,21.26,8
Alain Prost,202,4.14,7.5,1,798.5,3.95,106,51,52.48,25.25,41.09,13.32,14
Derek Warwick,162,10.73,14.96,2,71.0,0.44,4,0,2.47,0.0,90.74,13.37,13
Riccardo Patrese,257,9.28,12.73,1,281.0,1.09,37,6,14.4,2.33,77.82,7.86,17
Fabrizio Barbazza,20,9.5,24.75,6,2.0,0.1,0,0,0.0,0.0,100.0,24.24,3
Michael Andretti,13,9.77,15.46,3,7.0,0.54,1,0,7.69,0.0,100.0,19.4,1
Ivan Capelli,98,14.71,16.82,2,31.0,0.32,3,0,3.06,0.0,93.88,11.89,9
Thierry Boutsen,164,12.45,11.94,1,132.0,0.8,15,3,9.15,1.83,85.37,8.38,11
Emanuele Naspetti,6,23.33,16.0,11,0.0,0.0,0,0,0.0,0.0,100.0,68.75,2
Maurício Gugelmin,80,14.84,16.06,3,10.0,0.12,1,0,1.25,0.0,93.75,18.68,5
Eric van de Poele,29,3.62,27.69,9,0.0,0.0,0,0,0.0,0.0,100.0,32.5,2
Olivier Grouillard,62,12.77,21.21,6,1.0,0.02,0,0,0.0,0.0,100.0,28.29,4
Andrea Chiesa,10,6.9,26.2,16,0.0,0.0,0,0,0.0,0.0,100.0,61.07,1
Stefano Modena,81,13.05,17.27,2,17.0,0.21,2,0,2.47,0.0,95.06,11.58,6
Alex Caffi,75,14.43,18.63,4,6.0,0.08,0,0,0.0,0.0,98.67,21.47,6
Enrico Bertaggia,6,0.0,38.83,38,0.0,0.0,0,0,0.0,0.0,100.0,97.85,1
Perry McCarthy,7,0.0,31.43,29,0.0,0.0,0,0,0.0,0.0,100.0,92.27,1
Jan Lammers,41,11.44,19.9,9,0.0,0.0,0,0,0.0,0.0,100.0,45.22,14
Nelson Piquet,207,6.6,10.02,1,485.5,2.35,60,23,28.99,11.11,58.45,9.98,14
Satoru Nakajima,80,13.88,15.82,4,16.0,0.2,0,0,0.0,0.0,96.25,25.28,5
Emanuele Pirro,40,14.98,17.5,5,3.0,0.08,0,0,0.0,0.0,97.5,28.57,3
Stefan Johansson,103,11.19,16.04,2,88.0,0.85,12,0,11.65,0.0,86.41,12.47,12
Julian Bailey,20,8.4,23.85,6,1.0,0.05,0,0,0.0,0.0,100.0,25.16,4
Pedro Chaves,13,0.0,33.62,32,0.0,0.0,0,0,0.0,0.0,100.0,95.19,1
Alessandro Nannini,77,12.52,14.81,1,65.0,0.84,9,1,11.69,1.3,79.22,6.75,5
Bernd Schneider,32,5.91,28.5,12,0.0,0.0,0,0,0.0,0.0,100.0,42.11,3
Paolo Barilla,15,12.2,21.0,10,0.0,0.0,0,0,0.0,0.0,100.0,47.62,2
Gregor Foitek,22,7.18,27.64,7,0.0,0.0,0,0,0.0,0.0,100.0,25.33,2
Claudio Langes,14,0.0,33.0,32,0.0,0.0,0,0,0.0,0.0,100.0,96.97,1
Martin Donnelly,15,14.0,16.6,7,0.0,0.0,0,0,0.0,0.0,93.33,42.17,2
Bruno Giacomelli,82,10.5,17.71,3,14.0,0.17,1,0,1.22,0.0,91.46,16.94,14
Jaime Alguersuari,46,15.15,13.89,7,31.0,0.67,0,0,0.0,0.0,69.57,50.39,3
Romain Grosjean,181,11.71,13.14,2,391.0,2.16,10,0,5.52,0.0,65.75,15.22,12
Kamui Kobayashi,76,14.25,13.99,3,125.0,1.64,1,0,1.32,0.0,59.21,21.45,6
Jonathan Palmer,88,19.68,15.03,4,14.0,0.16,0,0,0.0,0.0,100.0,26.61,7
Christian Danner,47,15.77,18.13,4,4.0,0.09,0,0,0.0,0.0,100.0,22.07,5
Eddie Cheever,143,13.48,14.94,2,70.0,0.49,9,0,6.29,0.0,90.21,13.38,12
Luis Pérez-Sala,32,16.34,17.22,6,1.0,0.03,0,0,0.0,0.0,100.0,34.85,2
Piercarlo Ghinzani,111,15.04,21.62,5,2.0,0.02,0,0,0.0,0.0,100.0,23.12,9
Volker Weidler,10,0.0,34.7,30,0.0,0.0,0,0,0.0,0.0,100.0,86.46,1
Pierre-Henri Raphanel,17,1.06,32.71,23,0.0,0.0,0,0,0.0,0.0,100.0,70.32,2
René Arnoux,164,9.65,13.66,1,181.0,1.1,22,7,13.41,4.27,81.71,7.32,12
Joachim Winkelhock,7,0.0,36.57,35,0.0,0.0,0,0,0.0,0.0,100.0,95.7,1
Oscar Larrauri,21,9.24,27.1,13,0.0,0.0,0,0,0.0,0.0,100.0,47.98,2
Philippe Streiff,54,18.2,13.72,3,11.0,0.2,1,0,1.85,0.0,98.15,21.86,5
Adrián Campos,21,16.76,20.86,10,0.0,0.0,0,0,0.0,0.0,100.0,47.95,2
Pascal Fabre,12,22.83,15.08,9,0.0,0.0,0,0,0.0,0.0,100.0,59.67,1
Teo Fabi,71,9.97,16.42,3,23.0,0.32,2,0,2.82,0.0,97.18,18.27,6
Jacques Laffite,180,11.28,12.16,1,228.0,1.27,33,6,18.33,3.33,75.56,8.22,13
Elio de Angelis,110,10.88,11.98,1,122.0,1.11,9,2,8.18,1.82,80.0,8.35,8
Johnny Dumfries,16,12.56,14.38,5,3.0,0.19,0,0,0.0,0.0,100.0,34.78,1
Patrick Tambay,122,10.48,13.3,1,103.0,0.84,11,2,9.02,1.64,81.15,7.52,10
Marc Surer,88,16.19,13.14,4,17.0,0.19,0,0,0.0,0.0,96.59,30.45,8
Keke Rosberg,128,9.02,13.36,1,159.5,1.25,17,5,13.28,3.91,78.12,7.49,9
Alan Jones,117,11.49,11.4,1,206.0,1.76,24,12,20.51,10.26,68.38,8.77,12
Huub Rothengatter,28,22.46,16.93,7,0.0,0.0,0,0,0.0,0.0,100.0,41.35,3
Allen Berg,9,26.0,18.89,12,0.0,0.0,0,0,0.0,0.0,100.0,63.53,1
Manfred Winkelhock,55,12.87,17.87,5,2.0,0.04,0,0,0.0,0.0,100.0,27.98,6
Niki Lauda,174,8.33,10.91,1,420.5,2.42,54,25,31.03,14.37,60.92,9.16,15
François Hesnault,20,17.9,18.65,7,0.0,0.0,0,0,0.0,0.0,100.0,37.53,2
Mauro Baldi,41,16.98,16.41,5,5.0,0.12,0,0,0.0,0.0,97.56,30.46,4
Stefan Bellof,22,19.86,14.32,4,4.0,0.18,0,0,0.0,0.0,95.45,27.94,2
Kenny Acheson,9,7.89,24.78,12,0.0,0.0,0,0,0.0,0.0,100.0,48.43,3
John Watson,154,11.77,11.65,1,169.0,1.1,20,5,12.99,3.25,72.73,8.58,13
Johnny Cecotto,23,15.52,18.39,6,1.0,0.04,0,0,0.0,0.0,100.0,32.62,2
Jo Gartner,8,23.88,16.12,5,0.0,0.0,0,0,0.0,0.0,100.0,31.01,1
Corrado Fabi,18,14.72,19.78,7,0.0,0.0,0,0,0.0,0.0,100.0,35.39,2
Mike Thackwell,5,9.8,25.4,23,0.0,0.0,0,0,0.0,0.0,100.0,90.55,5
Chico Serra,32,13.09,19.59,6,1.0,0.03,0,0,0.0,0.0,100.0,30.62,3
Danny Sullivan,15,20.73,14.87,5,2.0,0.13,0,0,0.0,0.0,100.0,33.63,1
Eliseo Salazar,37,14.46,20.35,5,3.0,0.08,0,0,0.0,0.0,100.0,24.57,3
Roberto Guerrero,29,14.03,20.48,8,0.0,0.0,0,0,0.0,0.0,100.0,39.06,2
Raul Boesel,30,17.4,18.33,7,0.0,0.0,0,0,0.0,0.0,100.0,38.18,2
Jean-Pierre Jarier,143,14.19,14.86,3,31.5,0.22,3,0,2.1,0.0,91.61,20.19,13
Carlos Reutemann,146,7.2,10.0,1,310.0,2.12,45,12,30.82,8.22,56.16,10.0,11
Jochen Mass,114,14.03,13.42,1,71.0,0.62,8,1,7.02,0.88,77.19,7.45,10
Slim Borgudd,15,15.13,17.6,6,1.0,0.07,0,0,0.0,0.0,100.0,34.09,2
Didier Pironi,72,9.9,11.25,1,101.0,1.4,13,3,18.06,4.17,69.44,8.89,5
Gilles Villeneuve,68,7.68,10.9,1,107.0,1.57,13,6,19.12,8.82,66.18,9.18,6
Riccardo Paletti,8,7.38,25.88,10,0.0,0.0,0,0,0.0,0.0,100.0,38.65,1
Brian Henton,37,10.62,20.05,7,0.0,0.0,0,0,0.0,0.0,100.0,34.91,8
Derek Daly,64,13.03,16.2,4,15.0,0.23,0,0,0.0,0.0,92.19,24.69,5
Mario Andretti,129,8.5,12.51,1,180.0,1.4,19,12,14.73,9.3,72.09,7.99,15
Emilio de Villota,14,3.5,26.57,13,0.0,0.0,0,0,0.0,0.0,100.0,48.92,7
Geoff Lees,12,9.42,21.58,7,0.0,0.0,0,0,0.0,0.0,100.0,32.43,5
Tommy Byrne,5,10.4,22.6,12,0.0,0.0,0,0,0.0,0.0,100.0,53.1,1
Rupert Keegan,37,14.0,19.14,7,0.0,0.0,0,0,0.0,0.0,100.0,36.58,6
Hector Rebaque,58,12.24,18.31,4,13.0,0.22,0,0,0.0,0.0,94.83,21.85,5
Beppe Gabbiani,17,3.88,25.59,17,0.0,0.0,0,0,0.0,0.0,100.0,66.44,4
Siegfried Stohr,13,13.77,19.85,7,0.0,0.0,0,0,0.0,0.0,100.0,35.27,1
Ricardo Zunino,11,17.0,15.27,7,0.0,0.0,0,0,0.0,0.0,100.0,45.83,3
Jean-Pierre Jabouille,55,8.45,17.27,1,21.0,0.38,2,2,3.64,3.64,92.73,5.79,8
Patrick Depailler,95,9.32,11.11,1,141.0,1.48,19,2,20.0,2.11,62.11,9.0,9
Jody Scheckter,113,7.88,9.29,1,255.0,2.26,33,10,29.2,8.85,56.64,10.76,9
Clay Regazzoni,138,8.12,11.17,1,212.0,1.54,28,5,20.29,3.62,63.77,8.96,11
Emerson Fittipaldi,149,11.58,11.1,1,281.0,1.89,35,14,23.49,9.4,67.11,9.01,11
Dave Kennedy,7,0.0,26.14,25,0.0,0.0,0,0,0.0,0.0,100.0,95.63,1
Harald Ertl,28,14.34,18.93,7,0.0,0.0,0,0,0.0,0.0,100.0,36.98,6
Vittorio Brambilla,78,12.63,15.23,1,15.5,0.2,1,1,1.28,1.28,87.18,6.57,7
James Hunt,93,6.92,11.54,1,179.0,1.92,23,10,24.73,10.75,65.59,8.67,7
Arturo Merzario,84,11.68,20.1,4,11.0,0.13,0,0,0.0,0.0,95.24,19.91,8
Hans-Joachim Stuck,81,13.2,16.16,3,29.0,0.36,2,0,2.47,0.0,88.89,18.56,6
Jacky Ickx,121,9.4,11.39,1,181.0,1.5,25,8,20.66,6.61,74.38,8.78,13
Patrick Gaillard,5,9.4,20.2,12,0.0,0.0,0,0,0.0,0.0,100.0,59.41,1
Alex Ribeiro,20,10.75,19.7,8,0.0,0.0,0,0,0.0,0.0,100.0,40.61,4
Ronnie Peterson,123,8.43,11.36,1,206.0,1.67,26,10,21.14,8.13,67.48,8.8,9
Brett Lunger,42,17.05,16.29,7,0.0,0.0,0,0,0.0,0.0,100.0,42.98,4
Danny Ongais,6,15.33,22.17,7,0.0,0.0,0,0,0.0,0.0,100.0,31.58,2
Lamberto Leoni,5,7.8,25.4,22,0.0,0.0,0,0,0.0,0.0,100.0,86.61,2
Rolf Stommelen,61,15.38,14.72,3,14.0,0.23,1,0,1.64,0.0,86.89,20.38,9
Tony Trimmer,6,0.0,28.83,26,0.0,0.0,0,0,0.0,0.0,100.0,90.17,4
Hans Binder,15,17.73,15.67,8,0.0,0.0,0,0,0.0,0.0,100.0,51.06,3
Michael Bleekemolen,5,5.0,27.2,18,0.0,0.0,0,0,0.0,0.0,100.0,66.18,2
Carlos Pace,73,10.66,13.22,1,58.0,0.79,6,1,8.22,1.37,83.56,7.56,6
Ian Scheckter,20,17.75,18.35,8,0.0,0.0,0,0,0.0,0.0,100.0,43.6,4
Tom Pryce,42,11.62,11.95,3,19.0,0.45,2,0,4.76,0.0,76.19,25.1,4
Ingo Hoffmann,6,9.67,19.33,7,0.0,0.0,0,0,0.0,0.0,100.0,36.21,2
Renzo Zorzi,7,20.29,15.43,6,1.0,0.14,0,0,0.0,0.0,100.0,38.89,3
Gunnar Nilsson,32,11.78,14.09,1,31.0,0.97,4,1,12.5,3.12,78.12,7.1,2
Larry Perkins,15,14.27,20.2,8,0.0,0.0,0,0,0.0,0.0,100.0,39.6,4
Boy Lunger,7,9.86,22.43,14,0.0,0.0,0,0,0.0,0.0,100.0,62.42,2
Patrick Nève,13,17.54,16.15,7,0.0,0.0,0,0,0.0,0.0,100.0,43.33,2
David Purley,11,15.09,20.64,9,0.0,0.0,0,0,0.0,0.0,100.0,43.61,5
Conny Andersson,5,3.6,29.0,25,0.0,0.0,0,0,0.0,0.0,100.0,86.21,2
Jackie Oliver,51,13.71,13.92,3,13.0,0.25,2,0,3.92,0.0,88.24,21.55,11
Guy Edwards,16,14.06,19.81,7,0.0,0.0,0,0,0.0,0.0,100.0,35.33,4
Vern Schuppan,12,16.42,17.92,7,0.0,0.0,0,0,0.0,0.0,100.0,39.07,4
Ian Ashley,11,9.73,24.0,13,0.0,0.0,0,0,0.0,0.0,100.0,54.17,4
Loris Kessel,6,12.33,23.0,12,0.0,0.0,0,0,0.0,0.0,100.0,52.17,2
Lella Lombardi,17,17.76,19.35,6,0.5,0.03,0,0,0.0,0.0,94.12,31.0,3
Bob Evans,12,18.67,18.25,9,0.0,0.0,0,0,0.0,0.0,100.0,49.32,2
Michel Leclère,8,19.38,14.88,10,0.0,0.0,0,0,0.0,0.0,100.0,67.23,2
Chris Amon,106,8.44,12.13,2,83.0,0.78,11,0,10.38,0.0,85.85,16.49,14
Henri Pescarolo,59,16.27,14.17,3,12.0,0.2,1,0,1.69,0.0,91.53,21.17,9
Mike Wilds,8,8.25,25.12,14,0.0,0.0,0,0,0.0,0.0,100.0,55.72,3
Mark Donohue,15,17.0,13.53,3,8.0,0.53,1,0,6.67,0.0,86.67,22.17,5
Graham Hill,179,10.13,10.17,1,289.0,1.61,36,14,20.11,7.82,75.42,9.84,18
Wilson Fittipaldi,38,16.21,16.03,5,3.0,0.08,0,0,0.0,0.0,92.11,31.2,4
Dave Charlton,13,14.15,20.31,7,0.0,0.0,0,0,0.0,0.0,100.0,34.47,11
Tony Brise,10,13.0,13.1,6,1.0,0.1,0,0,0.0,0.0,90.0,45.8,1
Roelof Wunderink,6,11.33,20.5,14,0.0,0.0,0,0,0.0,0.0,100.0,68.29,1
François Migault,15,21.27,18.07,13,0.0,0.0,0,0,0.0,0.0,100.0,71.96,4
Gijs van Lennep,9,20.56,12.89,6,2.0,0.22,0,0,0.0,0.0,88.89,46.55,5
Denny Hulme,112,7.25,8.21,1,248.0,2.21,33,8,29.46,7.14,61.61,12.19,10
Mike Hailwood,51,12.1,13.31,2,29.0,0.57,2,0,3.92,0.0,82.35,15.02,12
Jean-Pierre Beltoise,87,11.34,11.67,1,77.0,0.89,8,1,9.2,1.15,79.31,8.57,8
Howden Ganley,39,14.95,13.69,4,10.0,0.26,0,0,0.0,0.0,89.74,29.21,4
Peter Revson,31,7.9,10.13,1,61.0,1.97,8,2,25.81,6.45,61.29,9.87,11
Brian Redman,13,15.08,14.08,3,8.0,0.62,1,0,7.69,0.0,84.62,21.31,7
Rikky von Opel,13,18.31,19.46,9,0.0,0.0,0,0,0.0,0.0,100.0,46.25,2
Tim Schenken,36,15.56,16.36,3,7.0,0.19,1,0,2.78,0.0,91.67,18.34,5
Leo Kinnunen,6,4.17,29.17,22,0.0,0.0,0,0,0.0,0.0,100.0,75.43,1
Reine Wisell,23,13.3,14.17,3,13.0,0.57,1,0,4.35,0.0,78.26,21.17,5
Peter Gethin,30,16.23,15.47,1,11.0,0.37,1,1,3.33,3.33,93.33,6.47,5
Derek Bell,14,12.0,21.5,6,1.0,0.07,0,0,0.0,0.0,92.86,27.91,7
David Hobbs,7,17.71,9.0,7,0.0,0.0,0,0,0.0,0.0,100.0,77.78,8
François Cevert,47,8.74,9.94,1,89.0,1.89,13,1,27.66,2.13,61.7,10.06,4
Jackie Stewart,100,4.5,7.41,1,360.0,3.6,43,27,43.0,27.0,50.0,13.5,9
Mike Beuttler,29,20.21,15.76,7,0.0,0.0,0,0,0.0,0.0,96.55,44.42,3
Nanni Galli,17,18.71,17.71,9,0.0,0.0,0,0,0.0,0.0,100.0,50.83,4
George Follmer,12,18.92,14.75,3,5.0,0.42,1,0,8.33,0.0,91.67,20.34,1
Andrea de Adamich,36,14.92,16.33,4,6.0,0.17,0,0,0.0,0.0,100.0,24.49,6
Helmut Marko,9,16.89,13.67,8,0.0,0.0,0,0,0.0,0.0,100.0,58.54,2
David Walker,11,20.0,17.55,9,0.0,0.0,0,0,0.0,0.0,100.0,51.3,2
Alex Soler-Roig,9,14.0,21.22,16,0.0,0.0,0,0,0.0,0.0,100.0,75.39,3
John Love,10,14.4,13.1,2,6.0,0.6,1,0,10.0,0.0,90.0,15.27,11
John Surtees,112,7.66,10.34,1,180.0,1.61,24,6,21.43,5.36,76.79,9.67,13
Skip Barber,6,19.17,18.5,14,0.0,0.0,0,0,0.0,0.0,100.0,75.68,2
Pedro Rodríguez,54,10.48,9.06,1,71.0,1.31,7,2,12.96,3.7,83.33,11.04,9
Jo Siffert,100,10.62,10.8,1,68.0,0.68,6,2,6.0,2.0,90.0,9.26,10
Jo Bonnier,109,11.63,11.95,1,39.0,0.36,1,1,0.92,0.92,92.66,8.37,16
Vic Elford,13,13.46,10.38,4,8.0,0.62,0,0,0.0,0.0,100.0,38.52,4
Silvio Moser,18,10.94,16.11,5,3.0,0.17,0,0,0.0,0.0,100.0,31.03,5
George Eaton,13,14.54,15.38,10,0.0,0.0,0,0,0.0,0.0,100.0,65.0,3
Pete Lovely,11,13.18,16.73,7,0.0,0.0,0,0,0.0,0.0,100.0,41.85,13
Jack Brabham,128,7.39,9.19,1,261.0,2.02,31,14,24.22,10.94,68.75,10.89,16
John Miles,15,9.47,14.33,5,2.0,0.13,0,0,0.0,0.0,93.33,34.88,2
Jochen Rindt,62,6.24,10.0,1,109.0,1.76,13,6,20.97,9.68,75.81,10.0,7
Johnny Servoz-Gavin,12,12.08,10.92,2,9.0,0.75,1,0,8.33,0.0,91.67,18.32,4
Bruce McLaren,103,8.27,8.74,1,196.5,1.91,27,4,26.21,3.88,73.79,11.44,13
Piers Courage,29,11.31,10.76,2,20.0,0.69,2,0,6.9,0.0,86.21,18.59,4
Dan Gurney,87,6.75,9.76,1,133.0,1.53,19,4,21.84,4.6,75.86,10.25,12
Sam Tingle,6,15.0,14.33,8,0.0,0.0,0,0,0.0,0.0,100.0,55.81,8
Richard Attwood,17,14.59,10.94,2,11.0,0.65,1,0,5.88,0.0,88.24,18.28,6
Jim Clark,72,3.6,7.1,1,274.0,3.75,32,25,44.44,34.72,56.94,14.09,9
Mike Spence,36,9.89,9.81,3,27.0,0.75,1,0,2.78,0.0,88.89,30.59,6
Ludovico Scarfiotti,13,8.38,11.85,1,17.0,1.31,1,1,7.69,7.69,92.31,8.44,6
Lucien Bianchi,19,16.68,13.89,3,6.0,0.32,1,0,5.26,0.0,100.0,21.59,10
Frank Gardner,9,13.56,15.89,8,0.0,0.0,0,0,0.0,0.0,100.0,50.35,5
Moisés Solana,8,11.62,14.12,10,0.0,0.0,0,0,0.0,0.0,100.0,70.8,6
Bob Anderson,26,13.08,11.04,3,8.0,0.31,1,0,3.85,0.0,100.0,27.18,5
Lorenzo Bandini,44,8.23,9.95,1,58.0,1.32,8,1,18.18,2.27,79.55,10.05,7
Richie Ginther,54,7.33,7.96,1,107.0,1.98,14,1,25.93,1.85,68.52,12.56,8
Mike Parkes,7,4.86,11.86,2,14.0,2.0,2,0,28.57,0.0,71.43,16.87,9
Chris Irwin,10,13.3,11.1,5,2.0,0.2,0,0,0.0,0.0,100.0,45.05,2
Guy Ligier,13,15.08,10.15,6,1.0,0.08,0,0,0.0,0.0,100.0,59.09,2
Giancarlo Baghetti,26,13.54,15.04,1,14.0,0.54,1,1,3.85,3.85,88.46,6.65,7
Bob Bondurant,9,15.11,11.89,4,3.0,0.33,0,0,0.0,0.0,100.0,33.64,2
Peter Arundell,15,9.13,11.47,3,12.0,0.8,2,0,13.33,0.0,93.33,26.16,5
John Taylor,5,18.6,10.8,6,1.0,0.2,0,0,0.0,0.0,100.0,55.56,3
Trevor Taylor,29,11.79,14.45,2,8.0,0.28,1,0,3.45,0.0,96.55,13.84,8
Phil Hill,52,8.35,9.29,1,98.0,1.88,16,3,30.77,5.77,67.31,10.77,9
Innes Ireland,55,9.25,12.07,1,47.0,0.85,4,1,7.27,1.82,90.91,8.28,8
Ronnie Bucknum,11,13.36,13.27,5,2.0,0.18,0,0,0.0,0.0,100.0,37.67,3
Tony Maggs,27,12.0,9.93,2,26.0,0.96,3,0,11.11,0.0,88.89,20.15,5
Masten Gregory,45,10.35,13.07,2,21.0,0.46,3,0,6.67,0.0,97.78,15.31,9
Ian Raby,7,8.86,19.71,11,0.0,0.0,0,0,0.0,0.0,100.0,55.8,3
Gerhard Mitter,5,12.4,14.6,4,3.0,0.6,0,0,0.0,0.0,80.0,27.4,3
Nino Vaccarella,5,12.8,15.2,9,0.0,0.0,0,0,0.0,0.0,100.0,59.21,5
Maurice Trintignant,85,11.28,11.33,1,72.33,0.83,10,2,11.76,2.35,92.94,8.82,15
Bernard Collomb,6,15.0,18.83,10,0.0,0.0,0,0,0.0,0.0,100.0,53.1,4
André Pilette,15,9.07,15.8,5,2.0,0.13,0,0,0.0,0.0,100.0,31.65,14
Carel Godin de Beaufort,31,15.16,12.42,6,4.0,0.13,0,0,0.0,0.0,96.77,48.31,8
Edgar Barth,7,11.57,17.71,6,0.0,0.0,0,0,0.0,0.0,85.71,33.87,12
Mário de Araújo Cabral,5,13.6,14.2,9,0.0,0.0,0,0,0.0,0.0,100.0,63.38,6
Hap Sharp,6,17.17,11.67,7,0.0,0.0,0,0,0.0,0.0,100.0,60.0,4
Willy Mairesse,12,9.67,13.08,3,7.0,0.58,1,0,8.33,0.0,91.67,22.93,4
John Campbell-Jones,5,8.4,20.2,11,0.0,0.0,0,0,0.0,0.0,100.0,54.46,3
Ian Burgess,26,11.5,17.38,6,0.0,0.0,0,0,0.0,0.0,92.31,34.51,6
Tony Settember,10,11.9,18.0,8,0.0,0.0,0,0,0.0,0.0,100.0,44.44,2
Nasif Estéfano,5,4.0,23.0,14,0.0,0.0,0,0,0.0,0.0,100.0,60.87,4
Jim Hall,12,14.0,10.17,5,3.0,0.25,0,0,0.0,0.0,100.0,49.18,4
Rodger Ward,12,16.5,16.75,1,14.0,1.17,2,1,16.67,8.33,75.0,5.97,13
Jackie Lewis,11,12.64,14.73,4,3.0,0.27,0,0,0.0,0.0,81.82,27.16,2
Ricardo Rodríguez,6,6.83,12.17,4,4.0,0.67,0,0,0.0,0.0,66.67,32.88,2
Wolfgang Seidel,13,16.15,20.08,9,0.0,0.0,0,0,0.0,0.0,100.0,44.83,10
Roy Salvadori,51,11.53,13.16,2,19.0,0.37,2,0,3.92,0.0,92.16,15.2,11
Tony Marsh,9,9.22,19.89,8,0.0,0.0,0,0,0.0,0.0,88.89,40.22,6
Gerry Ashmore,5,15.2,24.6,16,0.0,0.0,0,0,0.0,0.0,100.0,65.04,2
Keith Greene,6,9.57,22.0,15,0.0,0.0,0,0,0.0,0.0,116.67,68.18,4
Stirling Moss,67,5.18,9.07,1,186.5,2.55,24,16,35.82,23.88,68.66,11.03,11
Wolfgang von Trips,28,7.5,8.18,1,56.0,2.0,6,2,21.43,7.14,75.0,12.23,6
Cliff Allison,18,11.94,10.89,2,11.0,0.61,1,0,5.56,0.0,88.89,18.37,4
Hans Herrmann,20,10.15,12.95,3,10.0,0.5,1,0,5.0,0.0,100.0,23.17,9
Tony Brooks,39,6.15,10.85,1,75.0,1.83,10,6,25.64,15.38,76.92,9.21,6
Henry Taylor,10,14.2,13.8,4,3.0,0.3,0,0,0.0,0.0,100.0,28.99,3
Olivier Gendebien,17,7.12,11.88,2,18.0,1.06,2,0,11.76,0.0,82.35,16.83,6
Giorgio Scarlatti,15,11.87,13.73,5,1.0,0.07,0,0,0.0,0.0,100.0,36.41,6
Brian Naylor,9,14.33,19.33,11,0.0,0.0,0,0,0.0,0.0,100.0,56.9,5
Jack Fairman,13,18.54,16.62,4,5.0,0.38,0,0,0.0,0.0,100.0,24.07,9
Carlos Menditeguy,11,10.58,10.5,3,9.0,0.75,1,0,9.09,0.0,100.0,28.57,8
José Froilán González,26,5.17,7.66,1,77.64,2.68,15,2,57.69,7.69,65.38,13.06,11
Harry Schell,57,10.39,11.03,2,32.0,0.5,2,0,3.51,0.0,103.51,18.13,11
Alan Stacey,7,13.71,13.14,8,0.0,0.0,0,0,0.0,0.0,100.0,60.87,3
Bruce Halford,9,14.22,13.44,6,0.0,0.0,0,0,0.0,0.0,100.0,44.63,5
Chuck Daigh,6,13.0,17.83,10,0.0,0.0,0,0,0.0,0.0,100.0,56.07,1
Jim Rathmann,10,17.33,11.67,1,29.0,2.42,4,1,40.0,10.0,60.0,8.57,11
Johnny Thomson,8,17.44,17.11,3,10.0,1.11,1,0,12.5,0.0,75.0,17.53,8
Eddie Johnson,9,21.11,13.44,6,1.0,0.11,0,0,0.0,0.0,55.56,44.63,9
Bob Veith,5,15.0,12.4,7,0.0,0.0,0,0,0.0,0.0,20.0,56.45,5
Bob Christie,5,22.6,15.0,10,0.0,0.0,0,0,0.0,0.0,80.0,66.67,5
Duane Carter,8,13.5,10.0,3,6.5,0.65,1,0,12.5,0.0,62.5,30.0,11
Gene Hartley,8,17.11,16.67,9,0.0,0.0,0,0,0.0,0.0,87.5,54.0,11
Chuck Stevenson,5,10.43,18.0,9,0.0,0.0,0,0,0.0,0.0,140.0,50.0,10
Jimmy Bryan,9,15.22,13.44,1,18.0,2.0,3,1,33.33,11.11,55.56,7.44,9
Troy Ruttman,9,9.56,17.89,1,9.5,1.06,1,1,11.11,11.11,77.78,5.59,11
Don Freeland,8,17.25,15.0,3,4.0,0.5,1,0,12.5,0.0,62.5,20.0,8
Tony Bettenhausen,11,12.46,14.77,2,11.0,0.85,1,0,9.09,0.0,90.91,13.54,11
Johnny Boyd,6,12.5,16.83,3,4.0,0.67,1,0,16.67,0.0,50.0,17.82,6
Dick Rathmann,5,6.2,23.0,5,2.0,0.4,0,0,0.0,0.0,80.0,21.74,11
Al Herman,5,25.2,20.2,7,0.0,0.0,0,0,0.0,0.0,60.0,34.65,6
Ron Flockhart,14,12.33,14.6,3,5.0,0.33,1,0,7.14,0.0,100.0,20.55,7
Horace Gould,18,13.0,14.83,5,2.0,0.11,0,0,0.0,0.0,100.0,33.71,7
Ivor Bueb,6,14.33,12.83,8,0.0,0.0,0,0,0.0,0.0,100.0,62.34,3
Maria de Filippis,5,11.0,15.2,8,0.0,0.0,0,0,0.0,0.0,100.0,52.63,2
Jean Behra,52,8.11,10.67,2,51.0,0.89,9,0,17.31,0.0,96.15,18.75,8
Paul Russo,8,14.56,12.44,2,8.5,0.94,1,0,12.5,0.0,50.0,16.07,10
Jimmy Daywalt,6,14.57,18.86,6,0.0,0.0,0,0,0.0,0.0,66.67,31.82,7
Al Keller,5,21.4,19.4,11,0.0,0.0,0,0,0.0,0.0,80.0,56.7,5
Pat Flaherty,6,15.67,15.0,1,8.0,1.33,1,1,16.67,16.67,66.67,6.67,10
Carroll Shelby,8,13.11,11.89,4,0.0,0.0,0,0,0.0,0.0,112.5,33.64,2
Luigi Musso,25,7.85,8.62,1,44.0,1.69,7,1,28.0,4.0,72.0,11.61,6
Mike Hawthorn,46,5.71,7.02,1,127.64,2.66,18,3,39.13,6.52,71.74,14.24,7
Juan Fangio,51,2.48,4.79,1,279.14,4.81,35,24,68.63,47.06,41.18,20.86,9
Paco Godia,14,14.64,11.21,4,6.0,0.43,0,0,0.0,0.0,100.0,35.67,8
Peter Collins,34,8.46,11.08,1,47.0,1.27,9,3,26.47,8.82,82.35,9.02,7
Gerino Gerini,7,13.86,11.86,4,1.5,0.21,0,0,0.0,0.0,100.0,33.73,3
Luigi Piotti,9,7.89,16.56,6,0.0,0.0,0,0,0.0,0.0,100.0,36.24,4
Louis Chiron,17,13.35,14.06,3,4.0,0.24,1,0,5.88,0.0,100.0,21.34,9
Stuart Lewis-Evans,14,6.64,10.0,3,16.0,1.14,2,0,14.29,0.0,85.71,30.0,2
Jimmy Reece,6,12.5,15.0,6,0.0,0.0,0,0,0.0,0.0,50.0,40.0,7
Johnnie Parsons,9,15.0,15.4,1,12.0,1.2,1,1,11.11,11.11,55.56,6.49,9
Ed Elisian,5,16.6,25.6,18,0.0,0.0,0,0,0.0,0.0,100.0,70.31,5
Pat O'Connor,5,8.0,16.8,8,0.0,0.0,0,0,0.0,0.0,60.0,47.62,5
Alfonso de Portago,5,9.67,10.67,2,4.0,0.67,1,0,20.0,0.0,120.0,18.75,2
Cesare Perdisa,8,9.11,7.67,3,5.0,0.56,2,0,25.0,0.0,100.0,39.13,3
Eugenio Castellotti,14,4.88,9.53,2,19.5,1.15,3,0,21.43,0.0,100.0,20.99,3
André Simon,12,12.08,13.33,6,0.0,0.0,0,0,0.0,0.0,100.0,45.0,7
Sam Hanks,8,13.33,11.22,1,20.0,2.22,4,1,50.0,12.5,50.0,8.91,8
Andy Linden,7,12.55,18.82,4,5.0,0.45,0,0,0.0,0.0,100.0,21.26,7
Fred Agabashian,8,6.88,18.5,4,1.5,0.19,0,0,0.0,0.0,75.0,21.62,8
Bob Gerard,7,15.57,8.71,6,0.0,0.0,0,0,0.0,0.0,100.0,68.85,8
Umberto Maglioli,10,12.3,10.4,3,3.33,0.33,2,0,20.0,0.0,100.0,28.85,5
Chico Landi,6,17.0,12.83,4,1.5,0.25,0,0,0.0,0.0,100.0,31.17,6
Hernando da Silva Ramos,7,17.62,13.12,5,2.0,0.25,0,0,0.0,0.0,114.29,38.1,2
Élie Bayol,7,13.57,15.86,5,2.0,0.29,0,0,0.0,0.0,100.0,31.53,5
Robert Manzon,29,10.93,13.66,3,16.0,0.55,2,0,6.9,0.0,96.55,21.97,7
Louis Rosier,38,14.31,10.64,3,18.0,0.46,2,0,5.26,0.0,100.0,28.19,7
Bob Sweikert,5,18.8,13.4,1,8.0,1.6,1,1,20.0,20.0,60.0,7.46,5
Paul Frère,11,11.18,10.91,2,11.0,1.0,1,0,9.09,0.0,81.82,18.33,5
Luigi Villoresi,33,7.34,9.89,2,49.0,1.4,8,0,24.24,0.0,87.88,20.23,7
Toulo de Graffenried,23,12.3,12.22,4,9.0,0.39,0,0,0.0,0.0,100.0,32.74,7
Piero Taruffi,18,5.83,7.67,1,41.0,2.28,5,1,27.78,5.56,77.78,13.04,7
Nino Farina,34,3.19,5.84,1,127.33,3.44,20,5,58.82,14.71,52.94,17.13,6
Roberto Mieres,17,13.35,10.29,4,13.0,0.76,0,0,0.0,0.0,100.0,38.86,3
Sergio Mantovani,8,11.44,8.89,5,4.0,0.44,0,0,0.0,0.0,100.0,56.25,3
Clemar Bucci,5,15.2,16.4,9,0.0,0.0,0,0,0.0,0.0,100.0,54.88,2
Alberto Ascari,32,4.58,8.44,1,140.0,3.89,17,13,53.12,40.62,59.38,11.84,6
Karl Kling,11,7.0,8.5,2,17.0,1.42,2,0,18.18,0.0,81.82,23.53,2
Jacques Pollet,5,17.0,13.2,7,0.0,0.0,0,0,0.0,0.0,100.0,53.03,2
Lance Macklin,15,14.07,16.93,8,0.0,0.0,0,0,0.0,0.0,100.0,47.24,4
Jimmy Davies,5,22.17,12.83,3,4.0,0.67,1,0,20.0,0.0,80.0,23.38,6
Walt Faulkner,5,8.2,11.2,5,1.0,0.2,0,0,0.0,0.0,80.0,44.64,6
Bill Vukovich,5,10.6,14.6,1,19.0,3.8,2,2,40.0,40.0,60.0,6.85,5
Jack McGrath,6,3.17,10.33,3,9.0,1.5,2,0,33.33,0.0,33.33,29.03,6
Johnny Claes,25,17.04,13.84,7,0.0,0.0,0,0,0.0,0.0,100.0,50.58,6
Ken Wharton,16,13.38,12.62,4,3.0,0.19,0,0,0.0,0.0,100.0,31.68,4
Kenneth McAlpine,7,13.86,17.71,11,0.0,0.0,0,0,0.0,0.0,100.0,62.1,4
Prince Bira,19,13.11,12.05,4,8.0,0.42,0,0,0.0,0.0,100.0,33.19,5
Onofre Marimón,12,9.5,12.83,3,8.14,0.68,2,0,16.67,0.0,100.0,23.38,4
Jacques Swaters,7,17.86,12.86,7,0.0,0.0,0,0,0.0,0.0,100.0,54.44,4
Reg Parnell,7,10.29,10.86,3,9.0,1.29,1,0,14.29,0.0,85.71,27.63,5
Peter Whitehead,12,15.33,15.67,3,4.0,0.33,1,0,8.33,0.0,100.0,19.15,5
Eric Brandon,5,18.4,15.8,8,0.0,0.0,0,0,0.0,0.0,100.0,50.63,3
Alan Brown,9,16.56,14.78,5,2.0,0.22,0,0,0.0,0.0,100.0,33.83,3
Felice Bonetto,16,10.06,10.35,3,17.5,1.03,2,0,12.5,0.0,100.0,28.98,4
Yves Cabantous,13,12.0,11.54,4,5.0,0.38,0,0,0.0,0.0,100.0,34.67,4
Duncan Hamilton,5,13.8,16.4,7,0.0,0.0,0,0,0.0,0.0,100.0,42.68,3
Peter Hirt,5,18.6,17.2,7,0.0,0.0,0,0,0.0,0.0,100.0,40.7,3
Rudi Fischer,7,11.0,9.86,2,10.0,1.43,2,0,28.57,0.0,71.43,20.29,2
Philippe Étancelin,12,11.17,10.42,5,3.0,0.25,0,0,0.0,0.0,100.0,48.0,3
Franco Rol,5,13.4,14.6,9,0.0,0.0,0,0,0.0,0.0,100.0,61.64,3
Consalvo Sanesi,5,5.0,10.8,4,3.0,0.6,0,0,0.0,0.0,100.0,37.04,2
Pierre Levegh,6,15.17,10.17,7,0.0,0.0,0,0,0.0,0.0,100.0,68.85,2
Luigi Fagioli,7,3.62,4.38,1,32.0,4.0,6,1,85.71,14.29,28.57,22.86,2
Raymond Sommer,5,10.2,11.6,4,3.0,0.6,0,0,0.0,0.0,100.0,34.48,1
Nico Hülkenberg,230,10.49,11.93,4,563.0,2.45,0,0,0.0,0.0,49.13,33.54,15
Vitaly Petrov,58,14.6,14.36,3,64.0,1.1,1,0,1.72,0.0,72.41,20.89,3
Lucas di Grassi,19,22.05,19.32,14,0.0,0.0,0,0,0.0,0.0,100.0,72.48,1
Bruno Senna,46,16.91,15.7,6,33.0,0.72,0,0,0.0,0.0,67.39,38.23,3
Karun Chandhok,11,23.0,18.18,14,0.0,0.0,0,0,0.0,0.0,100.0,77.0,2
Pastor Maldonado,96,14.17,15.01,1,76.0,0.79,1,1,1.04,1.04,66.67,6.66,5
Paul di Resta,59,12.12,11.85,4,121.0,2.05,0,0,0.0,0.0,42.37,33.76,7
Sergio Pérez,283,9.44,9.33,1,1585.0,5.6,39,6,13.78,2.12,39.93,10.72,14
Jérôme d'Ambrosio,20,21.55,18.35,13,0.0,0.0,0,0,0.0,0.0,95.0,70.84,2
Daniel Ricciardo,257,9.95,10.21,1,1320.0,5.14,32,8,12.45,3.11,41.63,9.8,14
Jean-Éric Vergne,58,14.07,13.98,6,51.0,0.88,0,0,0.0,0.0,51.72,42.91,3
Charles Pic,39,20.62,18.08,12,0.0,0.0,0,0,0.0,0.0,89.74,66.38,2
Max Chilton,35,20.09,17.69,13,0.0,0.0,0,0,0.0,0.0,88.57,73.51,2
Esteban Gutiérrez,59,15.27,15.07,7,6.0,0.1,0,0,0.0,0.0,77.97,46.46,4
Valtteri Bottas,247,7.86,8.97,1,1788.0,7.24,67,10,27.13,4.05,32.39,11.15,12
Giedo van der Garde,19,19.37,18.05,14,0.0,0.0,0,0,0.0,0.0,84.21,77.55,1
Jules Bianchi,34,18.82,17.12,9,2.0,0.06,0,0,0.0,0.0,91.18,52.58,2
Kevin Magnussen,186,12.93,13.57,2,196.0,1.05,1,0,0.54,0.0,65.05,14.74,11
Daniil Kvyat,112,11.92,12.22,2,202.0,1.8,3,0,2.68,0.0,67.86,16.36,7
Marcus Ericsson,97,16.88,14.96,8,18.0,0.19,0,0,0.0,0.0,87.63,53.48,5
Will Stevens,19,16.79,16.63,13,0.0,0.0,0,0,0.0,0.0,100.0,78.16,2
Max Verstappen,209,4.96,5.65,1,2912.5,13.94,112,63,53.59,30.14,18.66,17.71,10
Felipe Nasr,40,15.9,14.15,5,29.0,0.72,0,0,0.0,0.0,77.5,35.34,2
Carlos Sainz,208,8.58,9.27,1,1203.5,5.79,27,4,12.98,1.92,41.35,10.78,10
Roberto Merhi,13,18.23,15.69,12,0.0,0.0,0,0,0.0,0.0,100.0,76.47,1
Alexander Rossi,5,17.8,15.4,12,0.0,0.0,0,0,0.0,0.0,80.0,77.92,1
Jolyon Palmer,37,16.32,15.27,6,9.0,0.24,0,0,0.0,0.0,83.78,39.29,2
Pascal Wehrlein,39,17.38,16.13,8,6.0,0.15,0,0,0.0,0.0,94.87,49.6,2
Rio Haryanto,12,19.83,18.67,15,0.0,0.0,0,0,0.0,0.0,100.0,80.36,1
Stoffel Vandoorne,42,15.19,13.19,7,26.0,0.62,0,0,0.0,0.0,80.95,53.07,3
Esteban Ocon,156,11.21,11.22,1,440.0,2.82,4,1,2.56,0.64,51.92,8.91,9
Lance Stroll,168,13.15,12.37,3,286.0,1.7,3,0,1.79,0.0,56.55,24.25,8
Antonio Giovinazzi,62,14.37,13.85,5,21.0,0.34,0,0,0.0,0.0,74.19,36.09,5
Pierre Gasly,154,10.7,11.26,1,426.0,2.77,5,1,3.25,0.65,46.75,8.88,8
Brendon Hartley,25,15.28,15.04,9,4.0,0.16,0,0,0.0,0.0,92.0,59.84,2
Charles Leclerc,149,6.44,7.56,1,1363.0,9.15,43,8,28.86,5.37,27.52,13.23,7
Sergey Sirotkin,21,16.29,15.52,10,1.0,0.05,0,0,0.0,0.0,90.48,64.42,1
Lando Norris,128,7.26,7.85,1,950.0,7.42,26,4,20.31,3.12,26.56,12.74,6
George Russell,128,9.91,10.53,1,664.0,5.19,15,3,11.72,2.34,46.09,9.5,6
Alexander Albon,105,11.42,11.91,3,238.0,2.27,2,0,1.9,0.0,44.76,25.18,6
Nicholas Latifi,61,16.67,15.85,7,9.0,0.15,0,0,0.0,0.0,70.49,44.16,3
Yuki Tsunoda,90,12.13,13.52,4,87.0,0.97,0,0,0.0,0.0,57.78,29.58,4
Nikita Mazepin,22,18.5,17.86,14,0.0,0.0,0,0,0.0,0.0,90.91,78.37,1
Mick Schumacher,44,15.34,15.66,6,12.0,0.27,0,0,0.0,0.0,72.73,38.32,2
Guanyu Zhou,68,15.01,14.65,8,16.0,0.24,0,0,0.0,0.0,58.82,54.62,3
Nyck de Vries,11,14.0,15.27,9,2.0,0.18,0,0,0.0,0.0,63.64,58.93,2
Oscar Piastri,46,7.43,7.89,1,347.0,7.54,10,2,21.74,4.35,17.39,12.67,2
Logan Sargeant,36,16.39,16.33,10,1.0,0.03,0,0,0.0,0.0,66.67,61.22,2
Liam Lawson,11,13.45,12.91,9,6.0,0.55,0,0,0.0,0.0,36.36,69.72,2
Franco Colapinto,9,13.78,13.56,8,5.0,0.56,0,0,0.0,0.0,55.56,59.02,1
